iid,name,gold,total_gold,description
3715,Skirmisher's Sabre,300,1000,"Limited to 1 Jungle item +10% Life Steal vs. Monsters +180% Base Mana Regen while in Jungle Passive - Challenging Smite: Smite can be cast on enemy champions, marking them for 4 seconds. While marked, basic attacks deal bonus true damage over 3 seconds, you have vision of them, and their damage to you is reduced by 20%. UNIQUE Passive - Tooth / Nail: Basic attacks deal 25 bonus damage vs. monsters. Damaging a monster with a spell or attack steals 30 Health over 5 seconds. Killing monsters grants special bonus experience."
2302,Eye of the Oasis,250,1900,"+200 Health +100% Base Health Regen +100% Base Mana Regen +10% Cooldown Reduction UNIQUE Passive - Favor: Being near a minion's death without dealing the killing blow grants 6 Gold and 10 Health. UNIQUE Active - Warding: Consumes a charge to place a Stealth Ward that reveals the surrounding area for 150 seconds. Holds up to 4 charges which refill upon visiting the shop. Limited to 1 Gold Income Item. (A player may only have 3 Stealth Wards on the map at one time. Unique Passives with the same name don't stack.)"
3711,Tracker's Knife,300,1000,"Limited to 1 Jungle item +10% Life Steal vs. Monsters +180% Base Mana Regen while in Jungle UNIQUE Passive - Tooth / Nail: Basic attacks deal 25 bonus damage vs. monsters. Damaging a monster with a spell or attack steals 30 Health over 5 seconds. Killing monsters grants special bonus experience. UNIQUE Active - Warding: Consumes a charge to place a Stealth Ward that reveals the surrounding area for 150 seconds. Holds up to 2 charges which refill upon visiting the shop. (A player may only have 3 Stealth Wards on the map at one time. Unique Passives with the same name don't stack.)"
3133,Caulfield's Warhammer,400,1100,"+25 Attack Damage UNIQUE Passive: +10% Cooldown Reduction"
3048,Seraph's Embrace,0,0,"+80 Ability Power +1000 Mana UNIQUE Passive - Awe: Grants Ability Power equal to 3% of maximum Mana. Refunds 25% of Mana spent. UNIQUE Active - Mana Shield: Consumes 20% of current Mana to grant a shield for 3 seconds that absorbs damage equal to 150 plus the amount of Mana consumed (120 second cooldown)."
2138,Elixir of Iron,500,500,"Level 9 required to purchase. Click to Consume: Grants +300 Health, 25% Tenacity, increased champion size, and Path of Iron for 3 minutes. Path of Iron: Moving leaves a path behind that boosts allied champion's Movement Speed by 15%. (Only one Elixir effect may be active at a time.)"
3041,Mejai's Soulstealer,1050,1400,"+20 Ability Power +200 Mana UNIQUE Passive - Dread: Grants +5 Ability Power per Glory. Grants 10% Movement Speed if you have at least 15 Glory. UNIQUE Passive - Do or Die: Grants 4 Glory for a champion kill or 2 Glory for an assist, up to 25 Glory total. Lose 10 stacks of Glory upon dying."
3040,Seraph's Embrace,0,0,"+80 Ability Power +1000 Mana UNIQUE Passive - Awe: Grants Ability Power equal to 3% of maximum Mana. Refunds 25% of Mana spent. UNIQUE Active - Mana Shield: Consumes 20% of current Mana to grant a shield for 3 seconds that absorbs damage equal to 150 plus the amount of Mana consumed (120 second cooldown)."
3043,Muramana,0,0,"+25 Attack Damage +1000 Mana UNIQUE Passive - Awe: Grants bonus Attack Damage equal to 2% of maximum Mana. Refunds 15% of Mana spent. UNIQUE Passive - Shock: Single target spells and attacks (on hit) on Champions consume 3% of current Mana to deal bonus physical damage equal to twice the amount of Mana consumed. This effect only activates while you have greater than 20% maximum Mana."
3042,Muramana,0,0,"+25 Attack Damage +1000 Mana UNIQUE Passive - Awe: Grants bonus Attack Damage equal to 2% of maximum Mana. Refunds 15% of Mana spent. UNIQUE Passive - Shock: Single target spells and attacks (on hit) on Champions consume 3% of current Mana to deal bonus physical damage equal to twice the amount of Mana consumed. This effect only activates while you have greater than 20% maximum Mana."
3044,Phage,500,1250,"+200 Health +15 Attack Damage UNIQUE Passive - Rage: Basic attacks grant 20 Movement Speed for 2 seconds. Kills grant 60 Movement Speed instead. This Movement Speed bonus is halved for ranged champions."
3047,Ninja Tabi,500,1100,"+30 Armor UNIQUE Passive: Blocks 12% of the damage from basic attacks. UNIQUE Passive - Enhanced Movement: +45 Movement Speed"
3046,Phantom Dancer,650,2550,"+45% Attack Speed +30% Critical Strike Chance +5% Movement Speed UNIQUE Passive - Spectral Waltz: While within 550 units of an enemy champion you can see, +7% Movement Speed and you can move through units. UNIQUE Passive - Lament: The last champion hit deals 12% less damage to you (ends after 10 seconds of not hitting)."
3122,Wicked Hatchet,450,1200,"+20 Attack Damage +10% Critical Strike Chance UNIQUE Passive: Critical Strikes cause your target to bleed for an additional 60% of your bonus Attack Damage as magic damage over 3 seconds."
3123,Executioner's Calling,450,800,"+15 Attack Damage UNIQUE Passive - Executioner: Physical damage inflicts Grievous Wounds on enemy champions for 3 seconds."
3252,Poacher's Dirk,400,750,"+15 Attack Damage UNIQUE Passive: +20 Movement Speed out of Combat UNIQUE Passive: After poaching 3 large monsters from the enemy jungle (60 second cooldown), transforms into a Serrated Dirk."
3124,Guinsoo's Rageblade,875,3600,"+35 Attack Damage +50 Ability Power +25% Attack Speed Passive: Basic attacks deal an additional 15 magic damage on hit. UNIQUE Passive: Basic attacks grant +8% Attack Speed, +3 Attack Damage, and +4 Ability Power for 5 seconds (stacks up to 6 times). While you have 6 stacks, gain Guinsoo's Rage. Guinsoo's Rage: Every other basic attack will trigger on hit effects an additional time."
2015,Kircheis Shard,450,750,"+15% Attack Speed Passive: Moving and attacking will make an attack Energized. UNIQUE Passive - Energized Strike: Your Energized attacks deal 40 bonus magic damage on hit."
2010,Total Biscuit of Rejuvenation,50,50,"Click to Consume: Restores 15 Health and 15 Mana immediately and then 150 Health over 15 seconds."
2032,Hunter's Potion,250,400,"Limited to 1 type of Healing Potion. UNIQUE Active: Consumes a charge to restore 60 Health and 35 Mana over 8 seconds. Holds up to 5 charges and refills upon visiting the shop. Killing a Large Monster grants 1 charge. (Killing a Large Monster at full charges will automatically consume the newest charge.)"
2139,Elixir of Sorcery,500,500,"Level 9 required to purchase. Click to Consume: Grants +50 Ability Power, 15 bonus Mana Regen per 5 seconds and Sorcery for 3 minutes. Sorcery: Damaging a champion or turret deals 25 bonus True Damage. This effect has a 5 second cooldown versus champions but no cooldown versus turrets. (Only one Elixir effect may be active at a time.)"
3401,Face of the Mountain,550,2200,"+450 Health +100% Base Health Regen +10% Cooldown Reduction +2 Gold per 10 seconds UNIQUE Passive - Spoils of War: Melee basic attacks execute minions below 320 (+20 per level) Health. Killing a minion heals the owner and the nearest allied champion for 50 Health and grants them kill Gold. These effects require a nearby ally. Recharges every 30 seconds. Max 4 charges. UNIQUE Active: Grant a shield to you and an ally equal to 10% of your maximum Health for 4 seconds. After 4 seconds, the shields explode to slow nearby enemies by 40% for 2 seconds (60 second cooldown). Automatically targets the most wounded ally if cast upon self. Limited to 1 Gold Income Item."
3134,Serrated Dirk,400,1100,"+25 Attack Damage UNIQUE Passive: +10 Lethality UNIQUE Passive: +20 Movement Speed out of Combat."
3137,Dervish Blade,300,2700,"+50% Attack Speed +45 Magic Resist +10% Cooldown Reduction UNIQUE Active - Quicksilver: Removes all debuffs, and if the champion is melee, also grants +50% bonus Movement Speed for 1 second (90 second cooldown)."
3136,Haunting Guise,765,1600,"+25 Ability Power +200 Health UNIQUE Passive - Eyes of Pain: +15 Magic Penetration"
3649,Siege Sight Warder,0,0,"Limited to 1 Trinket. Active: Places a Stealth Ward that lasts 30 seconds (30 second cooldown)."
3648,Siege Teleport (Inactive),0,0,""
3647,Shield Totem,0,0,"Place a totem that shields nearby deployables. Places a Shield Totem at target location. After a 2 second delay, the totem will activate, granting a 2 (+1 per additional Shield Totem) strength shield to all nearby deployables."
3645,Seer Stone (Trinket),0,0,"Limited to 1 Trinket. Active: Reveals a small area within 1400 range for 3 seconds. Enemy champions will be revealed for 5 seconds (60 second cooldown)"
3139,Mercurial Scimitar,525,3600,"+65 Attack Damage +35 Magic Resist +10% Life Steal UNIQUE Active - Quicksilver: Removes all crowd control debuffs and also grants +50% bonus Movement Speed for 1 second (90 second cooldown)."
3642,Siege Refund,0,0,"Refunds all purchased Siege Weapons for their full price."
3641,Vanguard Banner,0,0,"Place a banner that buffs minions. Place a Vanguard Banner at target location. After an 2 second delay, any nearby minions will be granted a buff, increasing their damage by 50%, and granting them 50 Armor and 100 Magic Resistance while within range."
3640,Flash Zone,0,0,"Allows team to cast Flash repeatedly in a limited zone. Creates a magic zone for your team for 5 seconds. While in this zone, you and your allies have your summoner spells replaced by an instant cast blink that moves you to any location in the zone (1 second cooldown)"
3034,Giant Slayer,650,1000,"+10 Attack Damage UNIQUE Passive - Giant Slayer: Grants up to +10% physical damage against enemy champions with greater maximum Health than you (+1% damage per 50 Health difference, maxing at 500 Health difference). (Unique Passives with the same name don't stack.)"
3035,Last Whisper,425,1300,"+25 Attack Damage UNIQUE Passive - Last Whisper: +30% Bonus Armor Penetration"
3036,Lord Dominik's Regards,400,2700,"+50 Attack Damage UNIQUE Passive - Giant Slayer: Grants up to +15% physical damage against enemy champions with greater maximum Health than you (+1.5% damage per 50 Health difference, maxing at 500 Health difference). UNIQUE Passive - Last Whisper: +45% Bonus Armor Penetration"
3030,Hextech GLP-800,850,3000,"+300 Health +400 Mana +80 Ability Power UNIQUE Passive - Eternity: 15% of damage taken from champions is gained as Mana. Spending Mana restores 20% of the cost as Health, up to 25 per spell cast. UNIQUE Active - Frost Bolt: Fires a spray of icy bolts that explode, dealing 100 - 200 (+35% of your Ability Power) magic damage to all enemies hit. (40 second cooldown, shared with other Hextech items). Enemies hit are slowed by 65% decaying over 0.5 seconds. (Frost Bolt has a cast time, in contrast to most actives.)"
3031,Infinity Edge,625,3600,"+70 Attack Damage +20% Critical Strike Chance UNIQUE Passive: Critical strike bonus damage is increased by 50%."
3033,Mortal Reminder,600,2700,"+50 Attack Damage UNIQUE Passive - Executioner: Physical damage inflicts Grievous Wounds on enemy champions for 5 seconds. UNIQUE Passive - Last Whisper: +45% Bonus Armor Penetration."
1418,Enchantment: Bloodrazor,625,2625,"+50% Attack Speed UNIQUE Passive: Basic attacks deal 4% of the target's maximum Health in bonus physical damage (max 75 vs. monsters and minions) on hit."
1419,Enchantment: Bloodrazor,625,2625,"+50% Attack Speed UNIQUE Passive: Basic attacks deal 4% of the target's maximum Health in bonus physical damage (max 75 vs. monsters and minions) on hit."
2140,Elixir of Wrath,500,500,"Level 9 required to purchase. Click to Consume: Grants +30 Attack Damage and Bloodlust for 3 minutes. Bloodlust: Dealing physical damage to champions heals for 15% of the damage dealt. (Only one Elixir effect may be active at a time.)"
1410,Enchantment: Runic Echoes,340,2625,"+60 Ability Power +7% Movement Speed UNIQUE Passive - Echo: Gain charges upon moving or casting. At 100 charges, the next damaging spell hit expends all charges to deal 60 (+10% of Ability Power) bonus magic damage to up to 4 targets on hit. This effect deals 250% damage to Large Monsters. Hitting a Large Monster with this effect will restore 18% of your missing Mana."
1412,Enchantment: Warrior,525,2625,"+60 Attack Damage +10% Cooldown Reduction"
1413,Enchantment: Cinderhulk,525,2625,"+400 Health +15% Bonus Health UNIQUE Passive - Immolate: Deals 7 (+2 per champion level) magic damage a second to nearby enemies while in combat. Deals 100% bonus damage to monsters."
1414,Enchantment: Runic Echoes,340,2625,"+60 Ability Power +7% Movement Speed UNIQUE Passive - Echo: Gain charges upon moving or casting. At 100 charges, the next damaging spell hit expends all charges to deal 60 (+10% of Ability Power) bonus magic damage to up to 4 targets on hit. This effect deals 250% damage to Large Monsters. Hitting a Large Monster with this effect will restore 18% of your missing Mana."
1416,Enchantment: Bloodrazor,625,2625,"+50% Attack Speed UNIQUE Passive: Basic attacks deal 4% of the target's maximum Health in bonus physical damage (max 75 vs. monsters and minions) on hit."
1083,Cull,450,450,"+7 Attack Damage +3 Life on Hit UNIQUE Passive: Killing a lane minion grants 1 additional Gold. Killing 100 lane minions grants an additional 350 bonus gold immediately and disables this passive."
1082,The Dark Seal,350,350,"+15 Ability Power +25% Increased Healing from Potions +100 Mana UNIQUE Passive - Dread: Grants +3 Ability Power per Glory. UNIQUE Passive - Do or Die: Grants 2 Glory for a champion kill or 1 Glory for an assist, up to 10 Glory total. Lose 4 Glory on death."
3084,Overlord's Bloodmail,900,2550,"+800 Health +100% Base Health Regen UNIQUE Passive: Upon champion kill or assist, restores 300 Health over 5 seconds."
3140,Quicksilver Sash,850,1300,"+30 Magic Resist UNIQUE Active - Quicksilver: Removes all crowd control debuffs (90 second cooldown)."
3142,Youmuu's Ghostblade,700,2900,"+60 Attack Damage +10% Cooldown Reduction UNIQUE Passive: +20 Lethality UNIQUE Passive: +20 Movement Speed out of Combat UNIQUE Active: Grants +20% Movement Speed for 6 seconds (45 second cooldown)."
3143,Randuin's Omen,900,2900,"+500 Health +60 Armor -10% Damage taken from Critical Strikes UNIQUE Passive - Cold Steel: When hit by basic attacks, reduces the attacker's Attack Speed by 15% (1 second duration). UNIQUE Active: Slows the Movement Speed of nearby enemy units by 35% for 4 seconds (60 second cooldown)."
3144,Bilgewater Cutlass,250,1500,"+25 Attack Damage +10% Life Steal UNIQUE Active: Deals 100 magic damage and slows the target champion's Movement Speed by 25% for 2 seconds (90 second cooldown)."
3145,Hextech Revolver,180,1050,"+40 Ability Power UNIQUE Passive - Magic Bolt: Damaging an enemy champion with a basic attack shocks them for 50 - 125 bonus magic damage (40 second cooldown, shared with other Hextech items). Magic Bolt's cooldown is reduced by Active Item cooldown reduction. (Damage scales based on level. Hextech effects can trigger other item spell effects.)"
3146,Hextech Gunblade,850,3400,"+40 Attack Damage +80 Ability Power UNIQUE Passive: Heal for 15% of damage dealt. This is 33% as effective for Area of Effect damage. UNIQUE Active - Lightning Bolt: Deals 250 (+30% of Ability Power) magic damage and slows the target champion's Movement Speed by 40% for 2 seconds (40 second cooldown, shared with other Hextech items)."
3147,Duskblade of Draktharr,850,3250,"+65 Attack Damage UNIQUE Passive: +15 Lethality UNIQUE Passive: +20 Movement Speed out of Combat. UNIQUE Passive - Nightstalker: After being unseen for at least 1 second, your next Basic Attack against an enemy champion will deal 50 (+200% Lethality) true damage on-hit (lasts for 4 seconds after being seen by an enemy champion). UNIQUE Passive - Blackout: When spotted by an enemy ward, causes a blackout for 8 seconds, disabling all nearby enemy wards (90 second cooldown)."
3672,Enchantment: Cinderhulk,525,1625,"+400 Health +15% Bonus Health UNIQUE Passive - Immolate: Deals 7 (+2 per champion level) magic damage a second to nearby enemies while in combat. Deals 100% bonus damage to monsters."
3673,Enchantment: Runic Echoes,340,1625,"+60 Ability Power +7% Movement Speed UNIQUE Passive - Echo: Gain charges upon moving or casting. At 100 charges, the next damaging spell hit expends all charges to deal 60 (+10% of Ability Power) bonus magic damage to up to 4 targets on hit. This effect deals 250% damage to Large Monsters. Hitting a Large Monster with this effect will restore 18% of your missing Mana."
3671,Enchantment: Warrior,525,1625,"+60 Attack Damage +10% Cooldown Reduction"
3302,Relic Shield,350,350,"+75 Health +2 Gold per 10 seconds UNIQUE Passive - Spoils of War: Melee basic attacks execute minions below 195 (+5 per level) Health. Killing a minion heals the owner and the nearest allied champion for 15 Health and grants them kill Gold. These effects require a nearby ally. Recharges every 40 seconds. Max 2 charges. Limited to 1 Gold Income Item."
3303,Spellthief's Edge,350,350,"+5 Ability Power +2 Gold per 10 seconds +25% Base Mana Regen UNIQUE Passive - Tribute: Spells and basic attacks against champions or buildings deal 10 additional damage and grant 8 Gold. This can occur up to 3 times every 30 seconds. Killing a minion disables this passive for 12 seconds. Limited to 1 Gold Income Item."
3301,Ancient Coin,350,350,"+25% Base Mana Regen +5% Cooldown Reduction UNIQUE Passive - Favor: Being near a minion's death without dealing the killing blow grants 4 Gold and 5 Health. Limited to 1 Gold Income Item. ''Gold dust rises from the desert and clings to the coin.'' - Historian Shurelya, 11 November, 23 CLE"
3814,Edge of Night,675,3100,"+60 Attack Damage +35 Magic Resist UNIQUE Passive: +15 Lethality UNIQUE Passive: +20 Movement Speed out of Combat UNIQUE Active - Night's Veil: Channel for 1.5 second to grant a spell shield that blocks the next enemy ability. Lasts for 10 seconds (45 second cooldown). (Can move while channeling, but taking damage breaks the channel.)"
3029,Rod of Ages (Quick Charge),750,2700,"+300 Health +300 Mana +60 Ability Power Passive: Grants +20 Health, +10 Mana, and +4 Ability Power per stack (max +200 Health, +100 Mana, and +40 Ability Power). Grants 1 stack per 40 seconds (max 10 stacks). UNIQUE Passive - Eternity: 15% of damage taken from champions is gained as Mana. Spending Mana restores 20% of the cost as Health, up to 25 per spell cast."
3028,Chalice of Harmony,100,800,"+25 Magic Resist +50% Base Mana Regen UNIQUE Passive - Harmony: Grants bonus % Base Health Regen equal to your bonus % Base Mana Regen."
2301,Eye of the Watchers,550,2200,"+200 Health +100% Base Mana Regen +25 Ability Power +10% Cooldown Reduction +2 Gold per 10 seconds UNIQUE Passive - Tribute: Spells and basic attacks against champions or buildings deal 15 additional damage and grant 15 Gold. This can occur up to 3 times every 30 seconds. UNIQUE Active - Warding: Consumes a charge to place a Stealth Ward that reveals the surrounding area for 150 seconds. Holds up to 4 charges which refill upon visiting the shop. Limited to 1 Gold Income Item. (A player may only have 3 Stealth Wards on the map at one time. Unique Passives with the same name don't stack.)"
3026,Guardian Angel,880,2400,"+60 Armor +45 Magic Resist UNIQUE Passive: Upon taking lethal damage, restores the greater of 700 Health or 30% of maximum Health and 30% of maximum Mana after 4 seconds of stasis (300 second cooldown)."
2303,Eye of the Equinox,550,2200,"+500 Health +200% Base Health Regen +2 Gold per 10 seconds UNIQUE Passive - Spoils of War: Melee basic attacks execute minions below 320 (+20 per level) Health. Killing a minion heals the owner and the nearest allied champion for 50 Health and grants them kill Gold. These effects require a nearby ally. Recharges every 30 seconds. Max 4 charges. UNIQUE Active - Warding: Consumes a charge to place a Stealth Ward that reveals the surrounding area for 150 seconds. Holds up to 4 charges which refill upon visiting the shop. Limited to 1 Gold Income Item. (A player may only have 3 Stealth Wards on the map at one time. Unique Passives with the same name don't stack.)"
3024,Glacial Shroud,350,1000,"+25 Armor +250 Mana UNIQUE Passive: +10% Cooldown Reduction"
3022,Frozen Mallet,900,3100,"+700 Health +30 Attack Damage UNIQUE Passive - Icy: Basic attacks slow the target's Movement Speed for 1.5 seconds on hit (40% slow for melee attacks, 30% slow for ranged attacks)."
3020,Sorcerer's Shoes,800,1100,"+15 Magic Penetration UNIQUE Passive - Enhanced Movement: +45 Movement Speed"
1409,Enchantment: Cinderhulk,525,2625,"+400 Health +15% Bonus Health UNIQUE Passive - Immolate: Deals 7 (+2 per champion level) magic damage a second to nearby enemies while in combat. Deals 100% bonus damage to monsters."
1408,Enchantment: Warrior,525,2625,"+60 Attack Damage +10% Cooldown Reduction"
1018,Cloak of Agility,800,800,"+20% Critical Strike Chance"
1402,Enchantment: Runic Echoes,340,2625,"+60 Ability Power +7% Movement Speed UNIQUE Passive - Echo: Gain charges upon moving or casting. At 100 charges, the next damaging spell hit expends all charges to deal 60 (+10% of Ability Power) bonus magic damage to up to 4 targets on hit. This effect deals 250% damage to Large Monsters. Hitting a Large Monster with this effect will restore 18% of your missing Mana."
1401,Enchantment: Cinderhulk,525,2625,"+400 Health +15% Bonus Health UNIQUE Passive - Immolate: Deals 7 (+2 per champion level) magic damage a second to nearby enemies while in combat. Deals 100% bonus damage to monsters."
1400,Enchantment: Warrior,525,2625,"+60 Attack Damage +10% Cooldown Reduction"
1011,Giant's Belt,600,1000,"+380 Health"
3812,Death's Dance,625,3500,"+75 Attack Damage +10% Cooldown Reduction UNIQUE Passive: Dealing physical damage heals for 15% of the damage dealt. This is 33% as effective for Area of Effect damage. UNIQUE Passive: 15% of damage taken is dealt as a Bleed effect over 3 seconds instead."
3108,Fiendish Codex,465,900,"+30 Ability Power UNIQUE Passive: +10% Cooldown Reduction"
3748,Titanic Hydra,700,3500,"+450 Health +35 Attack Damage +100% Base Health Regen UNIQUE Passive - Cleave: Basic attacks deal 5 + 1% of your maximum health as bonus physical damage to your target and 40 + 2.5% of your maximum health as physical damage to other enemies in a cone on hit. UNIQUE Active - Crescent: Cleave damage to all targets is increased to 40 + 10% of your maximum health as bonus physical damage in a larger cone for your next basic attack (20 second cooldown). (Unique Passives with the same name don't stack.)"
3742,Dead Man's Plate,1100,2900,"+500 Health +50 Armor UNIQUE Passive - Dreadnought: While moving, build stacks of Momentum, increasing movement speed by up to 60 at 100 stacks. Momentum quickly decays while under the effects of a stun, taunt, fear, polymorph, or immobilize effect, and slowly decays while slowed. UNIQUE Passive - Crushing Blow: Basic attacks discharge all Momentum, dealing 1 physical damage per 2 stacks. If 100 stacks are discharged, damage is doubled and the target is slowed by 50% decaying over 1 second (melee only). ''There's only one way you'll get this armor from me...'' - forgotten namesake"
3153,Blade of the Ruined King,900,3400,"+25 Attack Damage +40% Attack Speed +10% Life Steal UNIQUE Passive: Basic attacks deal 8% of the target's current Health in bonus physical damage (max 60 vs. monsters and minions) on hit. Life Steal applies to this damage. UNIQUE Active: Deals 10% of target champion's maximum Health (min. 100) as physical damage, heals for the same amount, and steals 25% of the target's Movement Speed for 3 seconds (90 second cooldown)."
3152,Hextech Protobelt-01,650,2500,"+300 Health +60 Ability Power +10% Cooldown Reduction UNIQUE Active - Fire Bolt: Dash forward and unleash a nova of fire bolts that deal 75 - 150 (+25% of your Ability Power) as magic damage (40 second cooldown, shared with other Hextech items). Champions and Monsters hit by multiple fire bolts take 10% damage per additional bolt. (This dash cannot pass through terrain.)"
3151,Liandry's Torment,750,3200,"+80 Ability Power +300 Health UNIQUE Passive - Eyes of Pain: +15 Magic Penetration UNIQUE Passive: Spells burn enemies for 3 seconds, dealing bonus magic damage equal to 2% of their current Health per second. Burn damage is doubled against movement-impaired units."
3157,Zhonya's Hourglass,800,2900,"+70 Ability Power +45 Armor +10% Cooldown Reduction UNIQUE Active - Stasis: Champion becomes invulnerable and untargetable for 2.5 seconds, but is unable to move, attack, cast spells, or use items during this time (120 second cooldown)."
3156,Maw of Malmortius,850,3250,"+50 Attack Damage +45 Magic Resist +10% Cooldown Reduction UNIQUE Passive - Lifeline: Upon taking magic damage that would reduce Health below 30%, grants a shield that absorbs magic damage equal to 300 + 1 per bonus Magic Resistance for 5 seconds (90 second cooldown). Lifegrip: When Lifeline triggers, gain +20 Attack Damage, +10% Spell Vamp and +10% Life Steal until out of combat."
3155,Hexdrinker,500,1300,"+20 Attack Damage +35 Magic Resist UNIQUE Passive - Lifeline: Upon taking magic damage that would reduce Health below 30%, grants a shield that absorbs 110 to 280 (based on level) magic damage for 5 seconds (90 second cooldown)."
3158,Ionian Boots of Lucidity,600,900,"UNIQUE Passive: +10% Cooldown Reduction UNIQUE Passive - Enhanced Movement: +45 Movement Speed UNIQUE Passive: Reduces Summoner Spell cooldowns by 10% ''This item is dedicated in honor of Ionia's victory over Noxus in the Rematch for the Southern Provinces on 10 December, 20 CLE.''"
3211,Spectre's Cowl,350,1200,"+250 Health +30 Magic Resist UNIQUE Passive: Grants 150% Base Health Regen for up to 10 seconds after taking damage from an enemy champion."
3508,Essence Reaver,400,3600,"+70 Attack Damage +20% Critical Strike Chance UNIQUE Passive: +10% Cooldown Reduction UNIQUE Passive: Gain increasingly more Cooldown Reduction from Critical Strike Chance provided by other sources (maximum +20% additional Cooldown Reduction at 30% Critical Strike Chance). UNIQUE Passive: Critical strikes restore 3% of your maximum Mana pool."
2047,Oracle's Extract,300,300,"Click to Consume: Grants detection of nearby invisible or unseen enemy units for 5 minutes."
2045,Ruby Sightstone,400,1600,"+500 Health UNIQUE Passive: Item Active cooldowns are reduced by 20%. UNIQUE Active - Warding: Consumes a charge to place a Stealth Ward that reveals the surrounding area for 150 seconds. Holds up to 4 charges and refills when visiting the shop. (A player may only have 3 Stealth Wards on the map at one time. Unique Passives with the same name don't stack.)"
3462,Seer Stone (Trinket),0,0,"Limited to 1 Trinket. Active: Reveals a small area within 2500 range for 3 seconds. Enemy champions will be revealed for 5 seconds (60 second cooldown)"
3461,Golden Transcendence (Disabled),0,0,"Active: Use this trinket to teleport to one of the battle platforms. Can only be used from the summoning platform. ''It is at this magical precipice where a champion is dismantled, reforged, and empowered.''"
3460,Golden Transcendence,0,0,"Active: Use this trinket to teleport to one of the battle platforms. Can only be used from the summoning platform. ''It is at this magical precipice where a champion is dismantled, reforged, and empowered.''"
3010,Catalyst of Aeons,350,1100,"+225 Health +300 Mana UNIQUE Passive - Eternity: 15% of damage taken from champions is gained as Mana. Spending Mana restores 20% of the cost as Health, up to 15 per spell cast. (Toggled Spells heal for a maximum of 15 per second.)"
3504,Ardent Censer,650,2300,"+60 Ability Power +10% Cooldown Reduction +50% Base Mana Regen UNIQUE Passive: +10% Heal and Shield Power UNIQUE Passive: +8% Movement Speed UNIQUE Passive: Your heals and shields on another allied champion grant them 20% Attack Speed and their attacks drain 20 health on-hit for 6 seconds. (This does not include regeneration effects or effects on yourself.)"
2049,Sightstone,400,800,"+150 Health UNIQUE Active - Warding: Consumes a charge to place a Stealth Ward that reveals the surrounding area for 150 seconds. Holds up to 3 charges which refill upon visiting the shop. (A player may only have 3 Stealth Wards on the map at one time. Unique Passives with the same name don't stack.)"
3092,Frost Queen's Claim,450,2200,"+50 Ability Power +10% Cooldown Reduction +2 Gold per 10 seconds +75% Base Mana Regen UNIQUE Passive - Tribute: Spells and basic attacks against champions or buildings deal 15 additional damage and grant 15 Gold. This can occur up to 3 times every 30 seconds. UNIQUE Active: Summon 2 icy ghosts for 6 seconds that seek out nearby enemy champions. Ghosts reveal enemies on contact and reduce their Movement Speed by 40% for between 2 and 5 seconds based on how far the ghosts have traveled (90 second cooldown). Limited to 1 Gold Income Item."
3090,Wooglet's Witchcap,1050,3500,"+100 Ability Power +45 Armor UNIQUE Passive: Increases Ability Power by 25% UNIQUE Active: Champion becomes invulnerable and untargetable for 2.5 seconds, but is unable to move, attack, cast spells, or use items during this time (120 second cooldown)."
3091,Wit's End,480,2500,"+40% Attack Speed +40 Magic Resist UNIQUE Passive: Basic attacks deal 40 bonus magic damage on hit. UNIQUE Passive: Basic attacks steal 5 Magic Resist from the target on hit (stacks up to 5 times.)"
3096,Nomad's Medallion,375,850,"+25% Base Health Regen +75% Base Mana Regen +10% Cooldown Reduction UNIQUE Passive - Favor: Being near a minion's death without dealing the killing blow grants 6 Gold and 10 Health. Limited to 1 Gold Income Item. ''The medallion shines with the glory of a thousand voices when exposed to the sun.'' - Historian Shurelya, 22 June, 24 CLE"
3097,Targon's Brace,350,850,"+175 Health +50% Base Health Regen +2 Gold per 10 seconds UNIQUE Passive - Spoils of War: Melee basic attacks execute minions below 200 (+10 per level) Health. Killing a minion heals the owner and the nearest allied champion for 40 Health and grants them kill Gold. These effects require a nearby ally. Recharges every 30 seconds. Max 3 charges. Limited to 1 Gold Income Item."
3094,Rapid Firecannon,550,2600,"+30% Attack Speed +30% Critical Strike Chance +5% Movement Speed Passive: Moving and attacking will make an attack Energized. UNIQUE Passive - Firecannon: Your Energized attacks gain 35% bonus Range (+150 range maximum) and deal 50~160 bonus magic damage (based on level) on hit. Energized attacks function on structures."
1006,Rejuvenation Bead,150,150,"+50% Base Health Regen"
3098,Frostfang,375,850,"+15 Ability Power +2 Gold per 10 seconds +75% Base Mana Regen UNIQUE Passive - Tribute: Spells and basic attacks against champions or buildings deal 15 additional damage and grant 15 Gold. This can occur up to 3 times every 30 seconds. Killing a minion disables this passive for 12 seconds. Limited to 1 Gold Income Item."
1004,Faerie Charm,125,125,"+25% Base Mana Regen"
1001,Boots of Speed,300,300,"Limited to 1. UNIQUE Passive - Enhanced Movement: +25 Movement Speed"
2003,Health Potion,50,50,"Limited to 5 at one time. Limited to 1 type of Healing Potion. Click to Consume: Restores 150 Health over 15 seconds."
3751,Bami's Cinder,700,1100,"+280 Health UNIQUE Passive - Immolate: Deals 5 (+1 per champion level) magic damage per second to nearby enemies. Deals 50% bonus damage to minions and monsters."
3599,The Black Spear,0,0,"Active: Offer to bind with an ally for the remainder of the game, becoming Oathsworn Allies. Oathsworn empowers you both while near one another."
3801,Crystalline Bracer,100,650,"+200 Health +50% Base Health Regen"
3800,Righteous Glory,750,2500,"+500 Health +300 Mana +100% Base Health Regen UNIQUE Passive - Eternity: 15% of damage taken from champions is gained as Mana. Spending Mana restores 20% of the cost as Health, up to 25 per spell cast. UNIQUE Active: Grants +75% Movement Speed when moving towards enemies or enemy turrets for 4 seconds. After 3 seconds, a shockwave is emitted, slowing nearby enemy champion Movement Speed by 75% for 2 second(s) (90 second cooldown). This effect may be reactivated early to instantly release the shockwave."
3802,Lost Chapter,115,900,"+25 Ability Power +300 Mana UNIQUE Passive: Upon levelling up, restores 20% of your maximum Mana over 3 seconds."
3004,Manamune,775,2400,"+25 Attack Damage +250 Mana UNIQUE Passive - Awe: Grants bonus Attack Damage equal to 2% of maximum Mana. Refunds 15% of Mana spent. UNIQUE Passive - Mana Charge: Grants +4 maximum Mana (max +750 Mana) for each basic attack, spell cast or Mana expenditure (occurs up to 2 times every 8 seconds). Transforms into Muramana at +750 Mana."
3007,Archangel's Staff (Quick Charge),1100,3100,"+80 Ability Power +250 Mana UNIQUE Passive - Awe: Grants Ability Power equal to 3% of maximum Mana. Refunds 25% of Mana spent. UNIQUE Passive - Mana Charge: Grants +12 maximum Mana (max +750 Mana) for each spell cast or Mana expenditure (occurs up to 2 times every 8 seconds). Transforms into Seraph's Embrace at +750 Mana."
3006,Berserker's Greaves,500,1100,"+35% Attack Speed UNIQUE Passive - Enhanced Movement: +45 Movement Speed"
3001,Abyssal Scepter,695,2750,"+60 Ability Power +60 Magic Resist +10% Cooldown Reduction UNIQUE Aura: Nearby enemy champions take 10% more magic damage."
3003,Archangel's Staff,1100,3100,"+80 Ability Power +250 Mana UNIQUE Passive - Awe: Grants Ability Power equal to 3% of maximum Mana. Refunds 25% of Mana spent. UNIQUE Passive - Mana Charge: Grants +8 maximum Mana (max +750 Mana) for each spell cast or Mana expenditure (occurs up to 2 times every 8 seconds). Transforms into Seraph's Embrace at +750 Mana."
3165,Morellonomicon,665,2900,"+100 Ability Power +400 Mana UNIQUE Passive: +20% Cooldown Reduction UNIQUE Passive: Dealing magic damage to champions below 35% Health inflicts Grievous Wounds for 8 seconds. UNIQUE Passive: Kills and Assists restore 20% of your maximum Mana."
3009,Boots of Swiftness,600,900,"UNIQUE Passive - Enhanced Movement: +55 Movement Speed UNIQUE Passive - Slow Resist: Movement slowing effects are reduced by 25%."
3008,Manamune (Quick Charge),775,2400,"+25 Attack Damage +250 Mana UNIQUE Passive - Awe: Grants bonus Attack Damage equal to 2% of maximum Mana. Refunds 15% of Mana spent. UNIQUE Passive - Mana Charge: Grants +6 maximum Mana (max +750 Mana) for each basic attack, spell cast or Mana expenditure (occurs up to 2 times every 8 seconds). Transforms into Muramana at +750 Mana."
2051,Guardian's Horn,950,950,"+150 Health Passive: Restores 20 Health every 5 seconds. UNIQUE Passive: Blocks 12 damage from attacks and spells from champions (25% effectiveness vs. damage over time abilities). Limited to 1 Guardian's Item."
2050,Explorer's Ward,0,0,"Click to Consume: Places an invisible ward that reveals the surrounding area for 60 seconds."
2053,Raptor Cloak,250,1200,"+40 Armor +125% Base Health Regen UNIQUE Passive - Point Runner: Builds up to +20% Movement Speed over 2 seconds while near turrets, fallen turrets and Void Gates."
2052,Poro-Snax,0,0,"This savory blend of free-range, grass-fed Avarosan game hens and organic, non-ZMO Freljordian herbs contains the essential nutrients necessary to keep your Poro purring with pleasure. All proceeds will be donated towards fighting Noxian animal cruelty."
2055,Control Ward,75,75,"Can only carry 3 Control Wards in inventory. Click to Consume: Places a ward that reveals the surrounding area. This device will disable and reveal nearby wards and hidden traps. Control Wards do not disable other Control Wards. Camouflaged units will also be revealed. Limit 1 Control Ward on the map per player."
2054,Diet Poro-Snax,0,0,"All the flavor of regular Poro-Snax, without the calories! Keeps your Poro happy AND healthy. Click to Consume: Gives your Poros a delicious healthy treat."
3364,Oracle Alteration,0,0,"* Level 9+ required to upgrade. Alters the Sweeping Lens Trinket: + Increased detection radius + Sweeping effect follows you for 10 seconds - Cast range reduced to zero"
3512,Zz'Rot Portal,780,2700,"+55 Armor +55 Magic Resist +125% Base Health Regen UNIQUE Passive - Point Runner: Builds up to +20% Movement Speed over 2 seconds while near turrets, fallen turrets and Void Gates. UNIQUE Active: Spawns a Void Gate for 150 seconds (150 second cooldown). Every 4 seconds the gate makes a Voidspawn. The first and every fourth Voidspawn gains 15% of maximum Health as damage."
3361,Greater Stealth Totem (Trinket),250,250,"Limited to 1 Trinket. *Level 9+ required to upgrade. UNIQUE Active: Consume a charge to place an invisible ward that reveals the surrounding area for 180 seconds. Stores a charge every 60 seconds, up to 2 total. Limit 3 Stealth Wards on the map per player. (Trinkets cannot be used in the first 30 seconds of a game. Selling a Trinket will disable Trinket use for 120 seconds)."
3362,Greater Vision Totem (Trinket),250,250,"Limited to 1 Trinket. *Level 9+ required to upgrade. UNIQUE Active: Places a visible ward that reveals the surrounding area and invisible units in the area until killed (120 second cooldown). Limit 1 Vision Ward on the map per player. (Trinkets cannot be used in the first 30 seconds of a game. Selling a Trinket will disable Trinket use for 120 seconds)."
3363,Farsight Alteration,0,0,"* Level 9+ required to upgrade. Alters the Warding Totem Trinket: + Massively increased cast range (+650%) + Infinite duration and does not count towards ward limit - 10% increased cooldown - Ward is visible, fragile, untargetable by allies - 45% reduced ward vision radius - Cannot store charges"
1038,B. F. Sword,1300,1300,"+40 Attack Damage"
1039,Hunter's Talisman,350,350,"+150% Base Mana Regen while in Jungle UNIQUE Passive - Tooth: Damaging a monster with a spell or attack steals 25 Health over 5 seconds. Killing monsters grants special bonus experience."
3089,Rabadon's Deathcap,1265,3800,"+120 Ability Power UNIQUE Passive: Increases Ability Power by 35%."
3085,Runaan's Hurricane,300,2600,"+40% Attack Speed +30% Critical Strike Chance +7% Movement Speed UNIQUE Passive - Wind's Fury: When basic attacking, bolts are fired at up to 2 enemies near the target, each dealing (25% of Attack Damage) physical damage. Bolts can critically strike and apply on hit effects. UNIQUE Passive: Basic attacks deal an additional 15 physical damage on hit."
1033,Null-Magic Mantle,450,450,"+25 Magic Resist"
3087,Statikk Shiv,550,2600,"+35% Attack Speed +30% Critical Strike Chance +5% Movement Speed Passive: Moving and attacking will make an attack Energized. UNIQUE Passive - Shiv Lightning: Your Energized attacks deal 50~120 bonus magic damage (based on level) to up to 5 targets on hit (deals +120% bonus damage to minions and can critically strike)."
1031,Chain Vest,500,800,"+40 Armor"
1036,Long Sword,350,350,"+10 Attack Damage"
1037,Pickaxe,875,875,"+25 Attack Damage"
3083,Warmog's Armor,400,2850,"+800 Health +200% Base Health Regen UNIQUE Passive: +10% Cooldown Reduction UNIQUE Passive: Grants Warmog's Heart if you have at least 3000 maximum Health. Warmog's Heart: Restores 15% of maximum Health every 5 seconds if damage hasn't been taken within 8 seconds."
3082,Warden's Mail,400,1000,"+40 Armor UNIQUE Passive - Cold Steel: When hit by basic attacks, reduces the attacker's Attack Speed by 15% for 1 seconds."
3643,Entropy Field,0,0,"Stun minions and slow champions in an area. Places an Entropy Field at target location for 5 seconds. Enemy minions and Siege Ballistas trapped in the field are unable to move or attack while in the field. Enemy champions in the field have their Movement Speed reduced by 25%."
1042,Dagger,300,300,"+12% Attack Speed"
3070,Tear of the Goddess,275,750,"+250 Mana UNIQUE Passive - Awe: Refunds 15% of Mana spent. UNIQUE Passive - Mana Charge: Grants 4 maximum Mana on spell cast or Mana expenditure (up to 2 times per 8 seconds). Caps at +750 Mana."
3071,The Black Cleaver,750,3100,"+300 Health +50 Attack Damage +20% Cooldown Reduction UNIQUE Passive: Dealing physical damage to an enemy champion Cleaves them, reducing their Armor by 5% for 6 seconds (stacks up to 6 times, up to 30%). UNIQUE Passive - Rage: Dealing physical damage grants 20 movement speed for 2 seconds. Assists on Cleaved enemy champions or kills on any unit grant 60 movement speed for 2 seconds instead. This Movement Speed is halved for ranged champions."
3072,The Bloodthirster,1150,3700,"+75 Attack Damage UNIQUE Passive: +20% Life Steal UNIQUE Passive: Your basic attacks can now overheal you. Excess life is stored as a shield that can block 50-350 damage, based on champion level. This shield decays slowly if you haven't dealt or taken damage in the last 25 seconds."
3073,Tear of the Goddess (Quick Charge),275,750,"+250 Mana UNIQUE Passive - Awe: Refunds 15% of Mana spent. UNIQUE Passive - Mana Charge: Grants 6 maximum Mana on spell cast or Mana expenditure (up to 2 times per 8 seconds). Caps at +750 Mana."
3074,Ravenous Hydra,525,3500,"+75 Attack Damage +100% Base Health Regen +12% Life Steal Passive: 50% of total Life Steal applies to damage dealt by this item. UNIQUE Passive - Cleave: Basic attacks deal 20% to 60% of total Attack Damage as bonus physical damage to enemies near the target on hit (enemies closest to the target take the most damage). UNIQUE Active - Crescent: Deals 60% to 100% of total Attack Damage as physical damage to nearby enemy units (closest enemies take the most damage) (10 second cooldown)."
3075,Thornmail,1250,2350,"+100 Armor UNIQUE Passive: Upon being hit by a basic attack, reflects magic damage back to the attacker equal to 25% of your bonus Armor plus 15% of the incoming damage. (Bonus Armor is Armor from items, buffs, runes and masteries.) (Reflect damage is calculated based on damage taken before being reduced by Armor.)"
3077,Tiamat,350,1200,"+20 Attack Damage +50% Base Health Regen UNIQUE Passive - Cleave: Basic attacks deal 20% to 60% of total Attack Damage as bonus physical damage to enemies near the target on hit (enemies closest to the target take the most damage). UNIQUE Active - Crescent: Deals 60% to 100% of total Attack Damage as physical damage to nearby enemy units (enemies closest to the target take the most damage) (10 second cooldown)."
3078,Trinity Force,333,3733,"+250 Health +250 Mana +25 Attack Damage +40% Attack Speed +20% Cooldown Reduction +5% Movement Speed UNIQUE Passive - Rage: Basic attacks grant 20 Movement Speed for 2 seconds. Kills grant 60 Movement Speed instead. This Movement Speed bonus is halved for ranged champions. UNIQUE Passive - Spellblade: After using an ability, the next basic attack deals bonus physical damage equal to 200% of base Attack Damage on hit (1.5 second cooldown)."
3170,Moonflair Spellblade,580,2500,"+50 Ability Power +50 Armor +50 Magic Resist UNIQUE Passive - Tenacity: Reduces the duration of stuns, slows, taunts, fears, silences, blinds, polymorphs, and immobilizes by 35%."
3285,Luden's Echo,1100,3200,"+100 Ability Power +10% Movement Speed UNIQUE Passive - Echo: Gain charges upon moving or casting. At 100 charges, the next damaging spell hit expends all charges to deal 100 (+10% of Ability Power) bonus magic damage to up to 4 targets on hit."
3174,Athene's Unholy Grail,400,2100,"+40 Ability Power +25 Magic Resist +20% Cooldown Reduction +75% Base Mana Regen UNIQUE Passive: Gain 20% of the premitigation damage dealt to champions as Blood Charges, up to 100 - 250 max. Healing or shielding another ally consumes charges to heal them, up to the original effect amount. UNIQUE Passive - Harmony: Grants bonus % Base Health Regen equal to your bonus % Base Mana Regen. (Maximum amount of Blood Charges stored is based on level. Healing amplification is applied to the total heal value.)"
3104,Lord Van Damm's Pillager,700,3000,"+300 Health +50 Attack Damage +10% Cooldown Reduction UNIQUE Passive - Ashes to Ashes: Controlling the nearest Altar sets you aflame, dealing 25 (+1 per champion level) magic damage per second to nearby enemies (Deals 50% bonus damage to minions and monsters). Controlling the furthest Altar causes your basic attacks to burn targets for up to 114 true damage (based on champion level) over 3 seconds."
1027,Sapphire Crystal,350,350,"+250 Mana"
3086,Zeal,600,1300,"+15% Attack Speed +20% Critical Strike Chance UNIQUE Passive: +5% Movement Speed"
3200,Prototype Hex Core,0,0,"+1 Ability Power per level +10 Mana per level UNIQUE Passive - Progress: This item can be upgraded three times to enhance Viktor's basic abilities."
3683,Rainbow Snax Party Pack!,0,0,"Active - Feed The King: Toss many snax behind the enemy, attracting poros which dash back towards the King. Enemy champions hit will be dragged along and dealt 170-680 physical damage (120s cooldown)."
3682,Espresso Snax,0,0,"Active - Feed The King: Leap into the air and crash down two times, knocking enemies away and dealing dealing 10-190 physical damage on landing. The King also gains a shield for 30% of his maximum health, decaying over 5 seconds. (30s cooldown)."
3681,Super Spicy Snax,0,0,"Active - Feed The King: Breathe fire, dealing 700-1479 true damage over 4 seconds to enemies caught in the cone. Also deals 560 true damage to Turrets over the duration (120s cooldown)."
3680,Frosted Snax,0,0,"Active - Feed The King: Lob projectiles at far-away enemies, each dealing 138-775 magic damage to targets in the center of the impact, scaling down to 55-310 on the edge (120s cooldown)."
1029,Cloth Armor,300,300,"+15 Armor"
1028,Ruby Crystal,400,400,"+150 Health"
1026,Blasting Wand,850,850,"+40 Ability Power"
3901,Fire at Will,0,0,"Requires 500 Silver Serpents. UNIQUE Passive: Cannon Barrage fires at an increasing rate over time (additional 6 waves over the duration)."
3902,Death's Daughter,0,0,"Requires 500 Silver Serpents. UNIQUE Passive: Cannon Barrage additionally fires a mega-cannonball at center of the Barrage, dealing 300% true damage and slowing them by 60% for 1.5 seconds."
3903,Raise Morale,0,0,"Requires 500 Silver Serpents. UNIQUE Passive: Allies in the Cannon Barrage gain 30% Movement Speed for 2 seconds."
3636,Tower: Storm Bulwark,0,0,"Makes a turret go invulnerable, then rain fire. Makes the target turret invulnerable for 6 seconds. Two seconds before expiry, it unleashes a missile volley, dealing 650 true damage over the remaining time to all nearby enemies. Cannot be used on the same turret more than once in 15 seconds"
3637,Nexus Siege: Siege Weapon Slot,10,10,"In Nexus Siege, Summoner Spells are replaced with Siege Weapon Slots. Spend Crystal Shards to buy single-use Siege Weapons from the item shop, then use your Summoner Spell keys to activate them!"
3634,Tower: Beam of Ruination,0,0,"Attach, then recast to fire a damaging beam from a turret to your cursor. First Cast: Attach a Slayer Beam to the target turret that can be fired 3 times. Next Three Casts: Fires the attached beam towards your cursor, dealing 30/level + 30% of the hit target's maximum health (20% damage to minions) in magic damage to all targets in a line. Beam will last 15 seconds, or until it has been fired 3 times."
3635,Port Pad,0,0,"Deploy an additional teleport target. Places a Port Pad at target location. After a 4 second delay, it activates, allowing you or your allies to teleport to it from base."
3633,Siege Teleport,10,10,"Active: Use this trinket to teleport to one of your team's port pads. Can only be used from the summoning platform."
3630,Siege Teleport,10,10,"Active: Use this trinket to teleport to one of your team's port pads. Can only be used from the summoning platform."
3631,Siege Ballista,0,0,"Deploys a ballista that shoots the closest turret. Places a long range ballista if within 2200 range of an enemy turret. After an 5 second delay, it will begin firing at the nearest enemy turret, dealing heavy damage. If the targeted turret expires, the ballista will as well."
3060,Banner of Command,100,2200,"+60 Armor +30 Magic Resist +400 Mana +10% Cooldown Reduction UNIQUE Active - Promote: Greatly increases the power of a lane minion and grants it immunity to magic damage (120 second cooldown)."
3067,Kindlegem,400,800,"+200 Health UNIQUE Passive: +10% Cooldown Reduction"
3065,Spirit Visage,800,2800,"+500 Health +55 Magic Resist +200% Base Health Regen +10% Cooldown Reduction UNIQUE Passive: Increases all healing received by 25%."
3110,Frozen Heart,700,2700,"+90 Armor +20% Cooldown Reduction +400 Mana UNIQUE Aura: Reduces the Attack Speed of nearby enemies by 15%."
3069,Talisman of Ascension,350,2400,"+45 Armor +150% Base Health Regen +75% Base Mana Regen +10% Cooldown Reduction UNIQUE Passive - Point Runner: Builds up to +20% Movement Speed over 2 seconds while near turrets, fallen turrets and Void Gates. UNIQUE Passive - Favor: Being near a minion's death without dealing the killing blow grants 6 Gold and 10 Health. UNIQUE Active: Grants nearby allies +40% Movement Speed for 3 seconds (60 second cooldown). Limited to 1 Gold Income Item. ''Praise the sun.'' - Historian Shurelya, 22 September, 25 CLE"
3068,Sunfire Cape,1000,2900,"+500 Health +50 Armor UNIQUE Passive - Immolate: Deals 25 (+1 per champion level) magic damage per second to nearby enemies. Deals 50% bonus damage to minions and monsters."
3706,Stalker's Blade,300,1000,"Limited to 1 Jungle item +10% Life Steal vs. Monsters +180% Base Mana Regen while in Jungle UNIQUE Passive - Chilling Smite: Smite can be cast on enemy champions, dealing reduced true damage and stealing 20% Movement Speed for 2 seconds. UNIQUE Passive - Tooth / Nail: Basic attacks deal 25 bonus damage vs. monsters. Damaging a monster with a spell or attack steals 30 Health over 5 seconds. Killing monsters grants special bonus experience."
1051,Brawler's Gloves,400,400,"+10% Critical Strike Chance"
1052,Amplifying Tome,435,435,"+20 Ability Power"
1053,Vampiric Scepter,550,900,"+15 Attack Damage +10% Life Steal"
1054,Doran's Shield,450,450,"+80 Health Passive: Restores 6 Health every 5 seconds. UNIQUE Passive: Blocks 8 damage from single target attacks and spells from champions."
1055,Doran's Blade,450,450,"+8 Attack Damage +80 Health +3% Life Steal"
1056,Doran's Ring,400,400,"+60 Health +15 Ability Power +50% Base Mana Regen Passive: Restores 4 Mana upon killing a unit."
1057,Negatron Cloak,270,720,"+40 Magic Resist"
1058,Needlessly Large Rod,1250,1250,"+60 Ability Power"
3105,Aegis of the Legion,350,1100,"+30 Armor +30 Magic Resist"
3340,Warding Totem (Trinket),0,0,"Limited to 1 Trinket. Active: Consume a charge to place an invisible Stealth Ward which reveals the surrounding area for 60 - 120 seconds. Stores one charge every 180 - 90 seconds, up to 2 maximum charges. Ward duration and recharge time gradually improve with level. (Limit 3 Stealth Wards on the map per player. Switching to a Lens type trinket will disable Trinket use for 120 seconds.)"
3107,Redemption,650,2100,"+400 Health +75% Base Health Regen +75% Base Mana Regen +10% Cooldown Reduction UNIQUE Passive: +10% Heal and Shield Power UNIQUE Active: Target an area within 5500 range. After 2.5 seconds, call down a beam of light to heal allies for 130 (+20 per level of target) Health, burn enemy champions for 10% of their maximum Health as true damage and deal 250 true damage to enemy minions (120 second cooldown). Can be used while dead. (Half effect if the target has been affected by another Redemption recently.)"
3100,Lich Bane,450,3200,"+80 Ability Power +7% Movement Speed +10% Cooldown Reduction +250 Mana UNIQUE Passive - Spellblade: After using an ability, the next basic attack deals 75% Base Attack Damage (+50% of Ability Power) bonus magic damage on hit (1.5 second cooldown)."
3101,Stinger,500,1100,"+35% Attack Speed UNIQUE Passive: +10% Cooldown Reduction"
3102,Banshee's Veil,530,2450,"+300 Health +70 Magic Resist +100% Base Health Regeneration UNIQUE Passive: Grants a spell shield that blocks the next enemy ability. This shield refreshes after no damage is taken from enemy champions for 40 seconds."
3345,Soul Anchor (Trinket),0,0,"Limited to 1 Trinket. Active: Consumes a charge to instantly revive at your Summoner Platform and grants 125% Movement Speed that decays over 12 seconds. Additional charges are gained at levels 9 and 14. (Max: 2 charges)"
3184,Guardian's Hammer,950,950,"+150 Health +15 Attack Damage +10% Life Steal Limited to 1 Guardian's Item."
3185,The Lightbringer,350,2350,"+30 Attack Damage +30% Critical Strike Chance UNIQUE Passive: Critical Strikes cause enemies to bleed for an additional 90% of bonus Attack Damage as magic damage over 3 seconds and reveal them for the duration. UNIQUE Passive - Trap Detection: Nearby stealthed enemy traps are revealed. UNIQUE Active - Hunter's Sight: A stealth-detecting mist grants vision in the target area for 5 seconds, revealing enemy champions that enter for 3 seconds (60 second cooldown)."
3187,Arcane Sweeper,350,2150,"+225 Health +250 Mana +25 Armor +20% Cooldown Reduction UNIQUE Passive - Trap Detection: Nearby stealthed enemy traps are revealed. UNIQUE Active - Hunter's Sight: A stealth-detecting mist grants vision in the target area for 5 seconds, revealing enemy champions that enter for 3 seconds (60 second cooldown)."
2033,Corrupting Potion,350,500,"Limited to 1 type of Healing Potion. UNIQUE Active: Consumes a charge to restore 125 Health and 75 Mana over 12 seconds and grants Touch of Corruption during that time. Holds up to 3 charges that refills upon visiting the shop. Touch of Corruption: Damaging spells and attacks burn enemy champions for 15 - 30 magic damage over 3 seconds. (Half Damage for Area of Effect or Damage over Time spells. Damage increases with champion level.) (Corrupting Potion can be used even at full Health and Mana.)"
3181,Sanguine Blade,625,2400,"+45 Attack Damage +10% Life Steal UNIQUE Passive: Basic attacks grant +6 Attack Damage and +1% Life Steal for 8 seconds on hit (effect stacks up to 5 times)."
2031,Refillable Potion,150,150,"Limited to 1 type of Healing Potion. UNIQUE Active: Consumes a charge to restore 125 Health over 12 seconds. Holds up to 2 charges and refills upon visiting the shop."
3341,Sweeping Lens (Trinket),0,0,"Limited to 1 Trinket. Active: Scans an area for 6 seconds, warning against hidden hostile units and revealing / disabling invisible traps and wards (90 to 60 second cooldown). Cast range and sweep radius gradually improve with level. (Switching to a Totem-type trinket will disable Trinket use for 120 seconds.)"
3675,Enchantment: Bloodrazor,625,1625,"+50% Attack Speed UNIQUE Passive: Basic attacks deal 4% of the target's maximum Health in bonus physical damage (max 75 vs. monsters and minions) on hit."
3348,Arcane Sweeper,0,0,"UNIQUE Active - Hunter's Sight: A stealth-detecting mist grants vision in the target area for 5 seconds, revealing traps and enemy champions that enter for 3 seconds (90 second cooldown)."
3056,Ohmwrecker,650,2650,"+300 Health +50 Armor +150% Base Health Regen +10% Cooldown Reduction UNIQUE Active: Prevents nearby enemy turrets from attacking for 3 seconds (120 second cooldown). This effect cannot be used against the same turret more than once every 8 seconds. UNIQUE Passive - Point Runner: Builds up to +20% Movement Speed over 2 seconds while near turrets (including fallen turrets) and Void Gates."
3057,Sheen,700,1050,"+250 Mana +10% Cooldown Reduction UNIQUE Passive - Spellblade: After using an ability, the next basic attack deals bonus physical damage equal to 100% base Attack Damage on hit (1.5 second cooldown)."
3052,Jaurim's Fist,450,1200,"+15 Attack Damage +150 Health UNIQUE Passive: Killing a unit grants 5 maximum Health. This bonus stacks up to 30 times."
3053,Sterak's Gage,1050,2600,"+400 Health +25% Base Attack Damage UNIQUE Passive - Lifeline: Upon taking at least 400 to 1800 damage (based on level) within 5 seconds, gain a rapidly decaying Shield for 30% of your maximum Health for 8 seconds (60 second cooldown). Sterak's Fury: When Lifeline triggers, grow in size and strength, gaining +25% additional Base Attack Damage."
3050,Zeke's Harbinger,380,2250,"+250 Mana +30 Armor +50 Ability Power +10% Cooldown Reduction UNIQUE Active - Conduit: Bind to target ally (60 second cooldown). UNIQUE Passive: When within 1000 units of each other, you and your ally generate Charges. Attacking or casting spells generates extra Charges. At 100 Charges, causing damage consumes them, increasing your and your ally's Ability Power by 20% and Critical Strike Chance by 50% for 8 seconds."
3109,Knight's Vow,800,2400,"+400 Health +100% Base Health Regen +20 Armor UNIQUE Active: Designate an allied champion as your Partner (90 second cooldown). UNIQUE Passive: If your Partner is nearby, gain +40 additional Armor and +15% Movement Speed towards them. UNIQUE Passive: If your Partner is nearby, heal for 12% of the damage your Partner deals to champions and redirect 12% of the damage your Partner takes from champions to you as true damage (healing and damage redirection are reduced by 50% if you are ranged). (Champions can only be linked by one Knight's Vow at a time.)"
1043,Recurve Bow,400,1000,"+25% Attack Speed UNIQUE Passive: Basic attacks deal an additional 15 physical damage on hit."
3135,Void Staff,1365,2650,"+80 Ability Power UNIQUE Passive: +35% Magic Penetration."
1041,Hunter's Machete,350,350,"+10% Life Steal vs. Monsters UNIQUE Passive - Nail: Basic attacks deal 25 bonus damage on hit vs. Monsters. Killing monsters grants special bonus experience."
2009,Total Biscuit of Rejuvenation,0,0,"Click to Consume: Restores 80 Health and 50 Mana over 10 seconds."
3117,Boots of Mobility,600,900,"UNIQUE Passive - Enhanced Movement: +25 Movement Speed. Increases to +115 Movement Speed when out of combat for 5 seconds."
3116,Rylai's Crystal Scepter,515,3200,"+400 Health +100 Ability Power UNIQUE Passive: Damaging spells and abilities apply a Movement Speed reduction to enemies based on the spell type: Single Target: 40% reduction for 1.5 seconds. Area of Effect: 40% reduction for 1 seconds. Damage over Time or Multi-hit: 20% reduction for 1 seconds. Summoned Minions: 20% reduction for 1 seconds. (If a spell fits in more than one category, it uses the weakest slow value.)"
3115,Nashor's Tooth,1000,3000,"+50% Attack Speed +80 Ability Power UNIQUE Passive: +20% Cooldown Reduction UNIQUE Passive: Basic attacks deal 15 (+15% of Ability Power) bonus magic damage on hit."
3114,Forbidden Idol,550,800,"+50% Base Mana Regen UNIQUE Passive: +10% Cooldown Reduction UNIQUE Passive: +8% Heal and Shield Power"
3113,Aether Wisp,415,850,"+30 Ability Power UNIQUE Passive: +5% Movement Speed"
3112,Guardian's Orb,950,950,"+150 Health +30 Ability Power +10 Mana regen per 5 seconds Limited to 1 Guardian's Item."
3111,Mercury's Treads,350,1100,"+25 Magic Resist UNIQUE Passive - Enhanced Movement: +45 Movement Speed UNIQUE Passive - Tenacity: Reduces the duration of stuns, slows, taunts, fears, silences, blinds, polymorphs, and immobilizes by 30%."
3222,Mikael's Crucible,500,2100,"+35 Magic Resist +10% Cooldown Reduction +100% Base Mana Regen UNIQUE Passive: +20% Heal and Shield Power UNIQUE Passive - Harmony: Grants bonus % Base Health Regen equal to your bonus % Base Mana Regen. UNIQUE Active: Cleanses all stuns, roots, taunts, fears, silences, and slows on an allied champion and grants them slow immunity for 2 seconds (120 second cooldown). Successfully cleansing an effect this way grants the ally 40% movement speed for 2 seconds."
3197,The Hex Core mk-2,1000,2250,"+6 Ability Power per level +20 Mana per level UNIQUE Passive - Progress: Viktor can upgrade one of his basic spells."
3196,The Hex Core mk-1,1250,1250,"+3 Ability Power per level +15 Mana per level UNIQUE Passive - Progress: Viktor can upgrade one of his basic spells."
3191,Seeker's Armguard,165,1200,"+30 Armor +20 Ability Power UNIQUE Passive: Killing a unit grants 0.5 bonus Armor and Ability Power. This bonus stacks up to 30 times."
3190,Locket of the Iron Solari,650,2200,"+30 Armor +60 Magic Resist UNIQUE Active: Grants a decaying shield to nearby allies for 2.5 seconds that absorbs up to 35 (+35 per level) damage (90 second cooldown). (Half effect if the target has been affected by another Locket of the Iron Solari recently.)"
3027,Rod of Ages,750,2700,"+300 Health +300 Mana +60 Ability Power Passive: Grants +20 Health, +10 Mana, and +4 Ability Power per stack (max +200 Health, +100 Mana, and +40 Ability Power). Grants 1 stack per minute (max 10 stacks). UNIQUE Passive - Eternity: 15% of damage taken from champions is gained as Mana. Spending Mana restores 20% of the cost as Health, up to 25 per spell cast."
3025,Iceborn Gauntlet,650,2700,"+65 Armor +20% Cooldown Reduction +500 Mana UNIQUE Passive - Spellblade: After using an ability, the next basic attack deals bonus physical damage equal to 100% of base Attack Damage in an area and creates an icy zone for 2 seconds that slows Movement Speed by 30% (1.5 second cooldown). Size of zone increases with bonus armor."
3198,Perfect Hex Core,750,3000,"+10 Ability Power per level +25 Mana per level UNIQUE Passive - Glorious Evolution: Viktor has reached the pinnacle of his power, upgrading Chaos Storm in addition to his basic spells."